backend_method,best_bitstring,best_gap_pct,best_objective,case_id,elapsed_sec,feasible,instance,metadata_max_memory_mb,method,replicate,seed,setting_label,shots,unique_bitstrings
matrix_product_state,111010110011000010011110010010100110111111010010010110011010110101001010100101001101111100110111010,10.278999781762213,78112.0,cvar_pet2,0.49928874999750406,True,pet2.dat,36864,cvar_vqe,0,17,production_uncapped_1e-16,100,100
matrix_product_state,111010110011000010011110010010100110111111010010010110011010110101001010100101001101111100110111010,10.278999781762213,78112.0,cvar_pet2,0.22332020901376382,True,pet2.dat,36864,cvar_vqe,0,17,restricted_cap_32_1e-16,100,100
matrix_product_state,111010110011000010011110010010100110111111010010010110011010110101001010100101001101111100110111010,10.278999781762213,78112.0,cvar_pet2,0.510661665990483,True,pet2.dat,36864,cvar_vqe,0,17,converged_cap_64_1e-16,100,100
matrix_product_state,111010110011000010011110010010100110111111010010010110011010110101001010100101001101111100110111010,10.278999781762213,78112.0,cvar_pet2,0.5524265840067528,True,pet2.dat,36864,cvar_vqe,0,17,conservative_cap_128_1e-16,100,100
matrix_product_state,111010110011000010011110010010100110111111010010010110011010110101001010100101001101111100110111010,10.278999781762213,78112.0,cvar_pet2,0.5342483750428073,True,pet2.dat,36864,cvar_vqe,0,17,threshold_uncapped_1e-12,100,100
matrix_product_state,111010110011000010011110010010100110111111010010010110011010110101001010100101001101111100110111010,10.278999781762213,78112.0,cvar_pet2,0.481598166981712,True,pet2.dat,36864,cvar_vqe,0,17,threshold_uncapped_1e-8,100,100
