backend_method,best_bitstring,best_gap_pct,best_objective,case_id,elapsed_sec,feasible,instance,metadata_max_memory_mb,method,replicate,seed,setting_label,shots,unique_bitstrings
matrix_product_state,111000000001001011110110000000110001010110111000101111000010,17.05675833820948,2835.0,vqe_hp1,0.2829510000301525,True,hp1.dat,36864,vqe,0,17,production_uncapped_1e-16,100,100
matrix_product_state,111000000001001011110110000000110001010110111000101111000010,17.05675833820948,2835.0,vqe_hp1,0.13272024999605492,True,hp1.dat,36864,vqe,0,17,restricted_cap_32_1e-16,100,100
matrix_product_state,111000000001001011110110000000110001010110111000101111000010,17.05675833820948,2835.0,vqe_hp1,0.3370925420313142,True,hp1.dat,36864,vqe,0,17,converged_cap_64_1e-16,100,100
matrix_product_state,111000000001001011110110000000110001010110111000101111000010,17.05675833820948,2835.0,vqe_hp1,0.305305625020992,True,hp1.dat,36864,vqe,0,17,conservative_cap_128_1e-16,100,100
matrix_product_state,111000000001001011110110000000110001010110111000101111000010,17.05675833820948,2835.0,vqe_hp1,0.2839527080068365,True,hp1.dat,36864,vqe,0,17,threshold_uncapped_1e-12,100,100
matrix_product_state,111000000001001011110110000000110001010110111000101111000010,17.05675833820948,2835.0,vqe_hp1,0.20940662501379848,True,hp1.dat,36864,vqe,0,17,threshold_uncapped_1e-8,100,100
